"","Dataset","Title","Beg","treatyID"
"1","DESTA","Andean Community Trujillo Protocol","1996-01-01","ANDNCT_1996P"
"2","DESTA","Azerbaijan Georgia","1996-01-01","AZE-GEO[NA]_1996O"
"3","DESTA","Azerbaijan Turkmenistan","1996-01-01","AZE-TKM[NA]_1996O"
"4","DESTA","Azerbaijan Uzbekistan","1996-01-01","AZE-UZB[NA]_1996O"
"5","DESTA","Baltic Free Trade Area (BAFTA) Agriculture","1996-01-01","BLFTAA_1996O"
"6","DESTA","Bolivia MERCOSUR","1996-01-01","BLVMRC_1996O"
"7","DESTA","Bulgaria Slovenia","1996-01-01","BGR-SVN[NA]_1996O"
"8","DESTA","Canada Chile","1996-01-01","CAN-CHL[NA]_1996O"
"9","DESTA","Canada Israel","1996-01-01","CAN-ISR[NA]_1996O"
"10","DESTA","Chile MERCOSUR","1996-01-01","CHLMRC_1996O"
"11","DESTA","Czech Republic Estonia","1996-01-01","CZE-EST[NA]_1996O"
"12","DESTA","Czech Republic Israel","1996-01-01","CZE-ISR[NA]_1996O"
"13","DESTA","Czech Republic Latvia","1996-01-01","CZE-LVA[NA]_1996O"
"14","DESTA","EC Faroe Islands","1996-01-01","ECFRIS_1996O"
"15","DESTA","EC Morocco Euro-Med Association Agreement","1996-01-01","ECMEMA_1996A"
"16","DESTA","EC Slovenia Europe Agreement","1996-01-01","ECSLVE_1996A"
"17","DESTA","Egypt Jordan","1996-01-01","EGY-JOR[NA]_1996O"
"18","DESTA","Estonia Slovakia","1996-01-01","EST-SVK[NA]_1996O"
"19","DESTA","Estonia Slovenia","1996-01-01","EST-SVN[NA]_1996O"
"20","DESTA","Eurasian Economic Community (Union Of The 5)","1996-01-01","ERSNEC_1996O5"
"21","DESTA","Fiji Papua New Guinea","1996-01-01","FJI-PNG[NA]_1996O"
"22","DESTA","Georgia Turkmenistan","1996-01-01","GEO-TKM[NA]_1996O"
"23","DESTA","Israel Slovakia","1996-01-01","ISR-SVK[NA]_1996O"
"24","DESTA","Israel Turkey","1996-01-01","ISR-TUR[NA]_1996O"
"25","DESTA","Kyrgyzstan Uzbekistan","1996-01-01","KGZ-UZB[NA]_1996O"
"26","DESTA","Latvia Slovakia","1996-01-01","LVA-SVK[NA]_1996O"
"27","DESTA","Latvia Slovenia","1996-01-01","LVA-SVN[NA]_1996O"
"28","DESTA","Lithuania Poland","1996-01-01","LTU-POL[NA]_1996O"
"29","DESTA","Lithuania Slovakia","1996-01-01","LTU-SVK[NA]_1996O"
"30","DESTA","Lithuania Slovenia","1996-01-01","LTU-SVN[NA]_1996O"
"31","DESTA","Macedonia Serbia And Montenegro","1996-01-01","MKD-MNE[MCS]_1996O"
"32","DESTA","Macedonia Slovenia","1996-01-01","MKD-SVN[MCD]_1996O"
"33","DESTA","Southern African Development Community (SADC)","1996-01-01","STHADC_1996O"
"34","DESTA","South Africa Zimbabwe","1996-01-01","ZAF-ZWE[NA]_1996O"
"35","DESTA","Algeria Jordan","1997-01-01","JOR-ALG[NA]_1997O"
"36","DESTA","Andean Community Sucre Protocol","1997-01-01","ANDNCS_1997P"
"37","DESTA","Azerbaijan Kazakhstan","1997-01-01","AZE-KAZ[NA]_1997O"
"38","DESTA","Baltic Free Trade Area (BAFTA) Non Tariff Barriers","1997-01-01","BFTATB_1997O"
"39","DESTA","Caribbean Community (CARICOM) Protocol On Services","1997-01-01","CRBBCS_1997P"
"40","DESTA","Chad Morocco","1997-01-01","MAR-TCD[NA]_1997O"
"41","DESTA","Croatia Macedonia","1997-01-01","HRV-MKD[MCD]_1997O"
"42","DESTA","Croatia Slovenia","1997-01-01","HRV-SVN[NA]_1997O"
"43","DESTA","Czech Republic Turkey","1997-01-01","CZE-TUR[NA]_1997O"
"44","DESTA","EC Amsterdam","1997-01-01","ECAMST_1997O"
"45","DESTA","EC Jordan Euro-Med Association Agreement","1997-01-01","ECJEMA_1997A"
"46","DESTA","EFTA Morocco","1997-01-01","EFTMRC_1997O"
"47","DESTA","Estonia Faroe Islands","1997-01-01","EST-FRO[NA]_1997O"
"48","DESTA","Estonia Turkey","1997-01-01","EST-TUR[NA]_1997O"
"49","DESTA","Georgia Kazakhstan","1997-01-01","GEO-KAZ[NA]_1997O"
"50","DESTA","Greater Arab Free Trade Agreement","1997-01-01","GRTAFT_1997A"
"51","DESTA","Hungary Israel","1997-01-01","HUN-ISR[NA]_1997O"
"52","DESTA","Hungary Turkey","1997-01-01","HUN-TUR[NA]_1997O"
"53","DESTA","Israel Poland","1997-01-01","ISR-POL[NA]_1997O"
"54","DESTA","Kazakhstan Uzbekistan","1997-01-01","KAZ-UZB[NA]_1997O"
"55","DESTA","Latvia Poland","1997-01-01","LVA-POL[NA]_1997O"
"56","DESTA","Lithuania Turkey","1997-01-01","LTU-TUR[NA]_1997O"
"57","DESTA","MERCOSUR Services","1997-01-01","MRCSRS_1997O"
"58","DESTA","Mexico Nicaragua","1997-01-01","MEX-NIC[NA]_1997O"
"59","DESTA","Romania Turkey","1997-01-01","ROU-TUR[NA]_1997O"
"60","DESTA","Slovakia Turkey","1997-01-01","SVK-TUR[NA]_1997O"
"61","DESTA","Belarus Kazakhstan","1997-01-01","BLR-KAZ[NA]_1997O"
"62","DESTA","Bosnia And Herzegovina Macedonia","1997-01-01","BIH-MKD[MCD]_1997O"
"63","DESTA","Georgia Moldova","1997-01-01","GEO-MDA[MLD]_1997O"
"64","DESTA","Guinea Morocco","1997-01-01","GIN-MAR[NA]_1997O"
"65","DESTA","Belarus Tajikistan","1998-01-01","BLR-TJK[NA]_1998O"
"66","DESTA","Bulgaria Turkey","1998-01-01","BGR-TUR[NA]_1998O"
"67","DESTA","Caribbean Community (CARICOM) Dominican Republic","1998-01-01","CRBCDR_1998O"
"68","DESTA","Central America Dominican Republic","1998-01-01","CNTADR_1998O"
"69","DESTA","Chile Mexico","1998-01-01","CHL-MEX[NA]_1998O"
"70","DESTA","Chile Peru","1998-01-01","CHL-PER[NA]_1998O"
"71","DESTA","Egypt Jordan","1998-01-01","EGY-JOR[NA]_1998O"
"72","DESTA","Egypt Lebanon","1998-01-01","EGY-LBN[NA]_1998O"
"73","DESTA","Egypt Morocco","1998-01-01","EGY-MAR[NA]_1998O"
"74","DESTA","Egypt PLO","1998-01-01","EGYPTP_1998O"
"75","DESTA","Egypt Tunisia","1998-01-01","EGY-TUN[NA]_1998O"
"76","DESTA","Estonia Hungary","1998-01-01","EST-HUN[NA]_1998O"
"77","DESTA","Faroe Islands Poland","1998-01-01","FRO-POL[NA]_1998O"
"78","DESTA","Hungary Lithuania","1998-01-01","HUN-LTU[NA]_1998O"
"79","DESTA","India Sri Lanka","1998-01-01","IND-LKA[NA]_1998O"
"80","DESTA","Israel Slovenia","1998-01-01","ISR-SVN[NA]_1998O"
"81","DESTA","Jordan Morocco","1998-01-01","JOR-MAR[NA]_1998O"
"82","DESTA","Jordan Tunisia","1998-01-01","JOR-TUN[NA]_1998O"
"83","DESTA","Kuwait Lebanon","1998-01-01","KWT-LBN[NA]_1998O"
"84","DESTA","Latvia Turkey","1998-01-01","LVA-TUR[NA]_1998O"
"85","DESTA","Latvia Ukraine Agriculture","1998-01-01","LVA-UKR[UKA]_1998O"
"86","DESTA","Slovenia Turkey","1998-01-01","SVN-TUR[NA]_1998O"
"87","DESTA","Commonwealth Of Independent States (CIS) Common Agrarian Market (CAM)","1998-01-01","CISCAM_1998O"
"88","DESTA","Cook Islands Fiji","1998-01-01","COK-FJI[NA]_1998O"
"89","DESTA","Ecuador Peru","1998-01-01","ECU-PER[NA]_1998O"
"90","DESTA","Estonia Poland","1998-01-01","EST-POL[NA]_1998O"
"91","DESTA","Andean Countries Brazil","1999-01-01","ANDNCB_1999O"
"92","DESTA","Argentina Cuba","1999-01-01","ARG-CUB[NA]_1999O"
"93","DESTA","Armenia Kazakhstan","1999-01-01","ARM-KAZ[NA]_1999O"
"94","DESTA","Belarus Kyrgyzstan","1999-01-01","BLR-KGZ[NA]_1999O"
"95","DESTA","Belarus Russia (Union State)","1999-01-01","BLR-RUS[RSS]_1999O"
"96","DESTA","Brazil Cuba","1999-01-01","BRA-CUB[NA]_1999O"
"97","DESTA","Bulgaria Macedonia","1999-01-01","BGR-MKD[MCD]_1999O"
"98","DESTA","Central America Chile","1999-01-01","CNTRAC_1999O"
"99","DESTA","Cuba Guatemala","1999-01-01","CUB-GTM[NA]_1999O"
"100","DESTA","Cuba Uruguay","1999-01-01","CUB-URY[NA]_1999O"
"101","DESTA","Cuba Venezuela","1999-01-01","CUB-VEN[VNZ]_1999O"
"102","DESTA","EC South Africa","1999-01-01","ECSTHA_1999O"
"103","DESTA","Eurasian Economic Community (EAEC)","1999-01-01","ERSNEC_1999O"
"104","DESTA","Hungary Latvia","1999-01-01","HUN-LVA[NA]_1999O"
"105","DESTA","Macedonia Turkey","1999-01-01","MKD-TUR[MCD]_1999O"
"106","DESTA","Morocco Tunisia","1999-01-01","MAR-TUN[NA]_1999O"
"107","DESTA","Poland Turkey","1999-01-01","POL-TUR[NA]_1999O"
"108","DESTA","Andean Community Auto Agreement","1999-01-01","ANDNCA_1999A"
"109","DESTA","Chile Cuba","1999-01-01","CHL-CUB[NA]_1999O"
"110","DESTA","Egypt Saudi Arabia","1999-01-01","EGY-SAU[SDA]_1999O"
"111","DESTA","East African Community (EAC)","1999-01-01","ESTAFC_1999O"
"112","DESTA","EC Switzerland Bilaterals 1","1999-01-01","ECSWTB_1999O1"
"194","GPTAD","Armenia Turkmenistan","1995-03-10","ARM-TKM[NA]_1995O"
"195","GPTAD","Estonia Ukraine","1995-05-24","EST-UKR[UKR]_1995O"
"196","GPTAD","Kyrgyzstan Moldova","1995-05-26","KGZ-MDA[MLD]_1995O"
"197","GPTAD","Kyrgyzstan Ukraine","1995-05-26","KGZ-UKR[UKR]_1995O"
"198","GPTAD","Armenia-Iran","1995-06-05","ARM-IRN[IRN]_1995O"
"199","GPTAD","EFTA Slovenia","1995-06-13","EFTSLV_1995O"
"200","GPTAD","Kazakhstan Kyrgyzstan","1995-06-22","KAZ-KGZ[NA]_1995O"
"201","GPTAD","EC Tunisia","1995-07-07","ECTUNS_1995O"
"202","GPTAD","EFTA Estonia","1995-07-12","EFTEST_1995O"
"203","GPTAD","EFTA Latvian","1995-07-12","EFTLTV_1995O"
"204","GPTAD","EFTA Lithuania","1995-07-12","EFTLTH_1995O"
"205","GPTAD","Azerbaijan Ukraine","1995-07-28","AZE-UKR[UKR]_1995O"
"206","GPTAD","Armenia Georgia","1995-08-14","ARM-GEO[NA]_1995O"
"207","GPTAD","Georgia Ukraine","1995-09-01","GEO-UKR[UKR]_1995O"
"208","GPTAD","Israel Jordan","1995-10-25","ISR-JOR[NA]_1995O"
"209","GPTAD","United States Albania","1995-11-01","ALB-USA[NA]_1995O"
"210","GPTAD","EC Israel","1995-11-20","ECISRL_1995O"
"211","GPTAD","CEFTA Accession Of Slovenia","1995-11-25","CFTACS_1995O"
"212","GPTAD","EC Turkey","1996-01-01","ECTRKY_1996O"
"213","GPTAD","Estonia Slovak Republic","1996-01-07","EST-SVK[SLV]_1996O"
"214","GPTAD","Slovenia The Former Yugoslav Republic Of Macedonian","1996-01-07","MKD-SVN[NA]_1996O"
"215","GPTAD","EC Morocco","1996-02-26","ECMRCC_1996O"
"216","GPTAD","Israel Turkey","1996-03-14","ISR-TUR[NA]_1996O"
"217","GPTAD","Georgia Turkmenistan","1996-03-20","GEO-TKM[NA]_1996O"
"218","GPTAD","Eurasian Economic Community (EAEC)","1996-03-29","ERSNEC_1996O"
"219","GPTAD","Latvia Slovak Republic","1996-04-19","LVA-SVK[SLV]_1996O"
"220","GPTAD","Latvia Slovenia","1996-04-22","LVA-SVN[NA]_1996O"
"221","GPTAD","Canada Chile","1996-05-12","CAN-CHL[NA]_1996O"
"222","GPTAD","Chile China","1996-05-12","CHL-CHN[NA]_1996O"
"223","GPTAD","EC Faroe Islands","1996-06-12","ECFRIS_1996O"
"224","GPTAD","BAFTA Agricultural Goods","1996-06-16","BFTAGG_1996O"
"225","GPTAD","MERCOSUR Chile","1996-06-25","MRCSRC_1996O"
"226","GPTAD","Lithuania Poland","1996-06-27","LTU-POL[NA]_1996O"
"227","GPTAD","Canada Israel","1996-07-31","CAN-ISR[NA]_1996O"
"228","GPTAD","Azerbaijan Georgia","1996-08-03","AZE-GEO[NA]_1996O"
"229","GPTAD","SADC","1996-08-24","SADC_1996O"
"230","GPTAD","Andean Community (CAN)","1996-10-03","ANDNCM_1996O"
"231","GPTAD","Estonia Slovenia","1996-11-26","EST-SVN[NA]_1996O"
"232","GPTAD","Lithuania Slovakian","1996-11-27","LTU-SVK[NA]_1996O"
"233","GPTAD","MERCOSUR Bolivia","1996-12-17","MRCSRB_1996O"
"234","GPTAD","Kyrgyzstan Uzbekistann","1996-12-24","KGZ-UZB[NA]_1996O"
"235","GPTAD","Israel Slovak Republic","1997-01-01","ISR-SVK[SLV]_1997O"
"236","GPTAD","Lithuania Slovenia","1997-01-03","LTU-SVN[NA]_1997O"
"237","GPTAD","EC PLO (Palestine Liberation Organization)","1997-01-07","ECPPLO_1997O"
"238","GPTAD","Estonia Faroe Islands","1997-01-11","EST-FRO[NA]_1997O"
"239","GPTAD","Lithuania Turkeyn","1997-02-06","LTU-TUR[NA]_1997O"
"240","GPTAD","Egypt Palestine","1997-02-19","EGY-PSE[PLS]_1997O"
"241","GPTAD","PAFTA","1997-02-19","PAFTA_1997O"
"242","GPTAD","Estonia Turkey","1997-03-06","EST-TUR[NA]_1997O"
"243","GPTAD","EC FYROM","1997-04-29","ECFYRM_1997O"
"244","GPTAD","Romania Turkey","1997-04-29","ROU-TUR[NA]_1997O"
"245","GPTAD","EFTA Morocco","1997-06-19","EFTMRC_1997O"
"246","GPTAD","Hungary Turkey","1997-08-01","HUN-TUR[NA]_1997O"
"247","GPTAD","Slovak Republic Turkey","1997-10-20","SVK-TUR[SLV]_1997O"
"248","GPTAD","Georgia Kazakhstan","1997-11-11","GEO-KAZ[NA]_1997O"
"249","GPTAD","BAFTA Non Tarriff Barriers","1997-11-20","BFTTRB_1997O"
"250","GPTAD","EC Jordan","1997-11-24","ECJRDN_1997O"
"251","GPTAD","CEFTA Accession Of Romania","1997-12-04","CFTACR_1997O"
"252","GPTAD","Croatia Slovenia","1997-12-12","HRV-SVN[NA]_1997O"
"253","GPTAD","Mexico Nicaragua","1997-12-18","MEX-NIC[NA]_1997O"
"254","GPTAD","Hungary Israeln","1998-01-02","HUN-ISR[NA]_1998O"
"255","GPTAD","Israel Poland","1998-01-03","ISR-POL[NA]_1998O"
"256","GPTAD","Israel Slovenia","1998-01-09","ISR-SVN[NA]_1998O"
"257","GPTAD","Faroe Islands Poland","1998-03-11","FRO-POL[NA]_1998O"
"258","GPTAD","Estonia Hungary","1998-04-11","EST-HUN[NA]_1998O"
"259","GPTAD","MERCOSUR Andean Community","1998-04-16","MRCSAC_1998O"
"260","GPTAD","Chile Mexico","1998-04-17","CHL-MEX[NA]_1998O"
"261","GPTAD","Jordan Tunisia","1998-04-22","JOR-TUN[NA]_1998O"
"262","GPTAD","Slovenia Turkey","1998-05-05","SVN-TUR[NA]_1998O"
"263","GPTAD","Latvia Turkey","1998-06-16","LVA-TUR[NA]_1998O"
"264","GPTAD","Chile Peru","1998-06-20","CHL-PER[NA]_1998O"
"265","GPTAD","CARICOM Dominican Republic","1998-08-22","CRCMDR_1998O"
"266","GPTAD","Egypt Jordan","1998-10-12","EGY-JOR[NA]_1998O"
"267","GPTAD","Bulgaria Turkey","1998-11-07","BGR-TUR[NA]_1998O"
"268","GPTAD","Hungary Lithuania","1998-11-13","HUN-LTU[NA]_1998O"
"269","GPTAD","EFTA PLO","1998-11-30","EFTAPL_1998O"
"270","GPTAD","India Sri Lanka","1998-12-28","IND-LKA[NA]_1998O"
"271","GPTAD","CEFTA Accession Of Bulgaria","1999-01-01","CFTACB_1999O"
"272","GPTAD","Latvia Poland","1999-01-06","LVA-POL[NA]_1999O"
"273","GPTAD","Poland Turkey","1999-01-10","POL-TUR[NA]_1999O"
"274","GPTAD","Armenia Kazakhstan","1999-02-09","ARM-KAZ[NA]_1999O"
"275","GPTAD","FYROM Turkey","1999-07-09","MKD-TUR[FYR]_1999O"
"276","GPTAD","Hungary Latvia","1999-10-06","HUN-LVA[NA]_1999O"
"277","GPTAD","Bulgaria Macedonia","1999-10-13","BGR-MKD[MCD]_1999O"
"278","GPTAD","Chile Costa Rica (Central America) (English)","1999-10-18","CHL-CRI[NA]_1999O"
"279","GPTAD","EC South Africa","1999-11-10","ECSTHA_1999O"
"280","GPTAD","East African Community","1999-11-30","ESTAFC_1999O"
"311","LABPTA","Andean Community Trujillo Protocol","1996-01-01","ANDNCT_1996P"
"312","LABPTA","Azerbaijan Georgia","1996-01-01","AZE-GEO[NA]_1996O"
"313","LABPTA","Bolivia MERCOSUR","1996-01-01","BLVMRC_1996O"
"314","LABPTA","Bulgaria Slovenia","1996-01-01","BGR-SVN[NA]_1996O"
"315","LABPTA","Canada Chile","1996-01-01","CAN-CHL[NA]_1996O"
"316","LABPTA","Canada Israel","1996-01-01","CAN-ISR[NA]_1996O"
"317","LABPTA","Chile MERCOSUR","1996-01-01","CHLMRC_1996O"
"318","LABPTA","Czech Republic Estonia","1996-01-01","CZE-EST[NA]_1996O"
"319","LABPTA","Czech Republic Israel","1996-01-01","CZE-ISR[NA]_1996O"
"320","LABPTA","Czech Republic Latvia","1996-01-01","CZE-LVA[NA]_1996O"
"321","LABPTA","EC Faroe Islands","1996-01-01","ECFRIS_1996O"
"322","LABPTA","EC Morocco Euro-Med Association Agreement","1996-01-01","ECMEMA_1996A"
"323","LABPTA","EC Slovenia Europe Agreement","1996-01-01","ECSLVE_1996A"
"324","LABPTA","Egypt Jordan","1996-01-01","EGY-JOR[NA]_1996O"
"325","LABPTA","Estonia Slovakia","1996-01-01","EST-SVK[NA]_1996O"
"326","LABPTA","Estonia Slovenia","1996-01-01","EST-SVN[NA]_1996O"
"327","LABPTA","Georgia Turkmenistan","1996-01-01","GEO-TKM[NA]_1996O"
"328","LABPTA","Israel Slovakia","1996-01-01","ISR-SVK[NA]_1996O"
"329","LABPTA","Israel Turkey","1996-01-01","ISR-TUR[NA]_1996O"
"330","LABPTA","Kyrgyzstan Uzbekistan","1996-01-01","KGZ-UZB[NA]_1996O"
"331","LABPTA","Latvia Slovakia","1996-01-01","LVA-SVK[NA]_1996O"
"332","LABPTA","Latvia Slovenia","1996-01-01","LVA-SVN[NA]_1996O"
"333","LABPTA","Lithuania Poland","1996-01-01","LTU-POL[NA]_1996O"
"334","LABPTA","Lithuania Slovakia","1996-01-01","LTU-SVK[NA]_1996O"
"335","LABPTA","Lithuania Slovenia","1996-01-01","LTU-SVN[NA]_1996O"
"336","LABPTA","Macedonia Slovenia","1996-01-01","MKD-SVN[MCD]_1996O"
"337","LABPTA","Southern African Development Community (SADC)","1996-01-01","STHADC_1996O"
"338","LABPTA","Algeria Jordan","1997-01-01","JOR-ALG[NA]_1997O"
"339","LABPTA","Caribbean Community (CARICOM) Protocol On Services","1997-01-01","CRBBCS_1997P"
"340","LABPTA","Croatia Macedonia","1997-01-01","HRV-MKD[MCD]_1997O"
"341","LABPTA","Croatia Macedonia (amended)","1997-01-01","HRV-MKD[MCD]_1997E"
"342","LABPTA","Croatia Slovenia","1997-01-01","HRV-SVN[NA]_1997O"
"343","LABPTA","Czech Republic Turkey","1997-01-01","CZE-TUR[NA]_1997O"
"344","LABPTA","EC Jordan Euro-Med Association Agreement","1997-01-01","ECJEMA_1997A"
"345","LABPTA","EFTA Morocco","1997-01-01","EFTMRC_1997O"
"346","LABPTA","Estonia Faroe Islands","1997-01-01","EST-FRO[NA]_1997O"
"347","LABPTA","Estonia Turkey","1997-01-01","EST-TUR[NA]_1997O"
"348","LABPTA","Georgia Kazakhstan","1997-01-01","GEO-KAZ[NA]_1997O"
"349","LABPTA","Greater Arab Free Trade Agreement","1997-01-01","GRTAFT_1997A"
"350","LABPTA","Hungary Israel","1997-01-01","HUN-ISR[NA]_1997O"
"351","LABPTA","Hungary Turkey","1997-01-01","HUN-TUR[NA]_1997O"
"352","LABPTA","Israel Poland","1997-01-01","ISR-POL[NA]_1997O"
"353","LABPTA","Latvia Poland","1997-01-01","LVA-POL[NA]_1997O"
"354","LABPTA","Lithuania Turkey","1997-01-01","LTU-TUR[NA]_1997O"
"355","LABPTA","MERCOSUR Services","1997-01-01","MRCSRS_1997O"
"356","LABPTA","Mexico Nicaragua","1997-01-01","MEX-NIC[NA]_1997O"
"357","LABPTA","Romania Turkey","1997-01-01","ROU-TUR[NA]_1997O"
"358","LABPTA","Slovakia Turkey","1997-01-01","SVK-TUR[NA]_1997O"
"359","LABPTA","Andean Community Sucre Protocol","1997-01-01","ANDNCS_1997P"
"360","LABPTA","Guinea Morocco","1997-01-01","GIN-MAR[NA]_1997O"
"361","LABPTA","Bulgaria Turkey","1998-01-01","BGR-TUR[NA]_1998O"
"362","LABPTA","Caribbean Community (CARICOM) Dominican Republic","1998-01-01","CRBCDR_1998O"
"363","LABPTA","Central America Dominican Republic","1998-01-01","CNTADR_1998O"
"364","LABPTA","Chile Mexico","1998-01-01","CHL-MEX[NA]_1998O"
"365","LABPTA","Chile Peru","1998-01-01","CHL-PER[NA]_1998O"
"366","LABPTA","Egypt Jordan","1998-01-01","EGY-JOR[NA]_1998O"
"367","LABPTA","Egypt Morocco","1998-01-01","EGY-MAR[NA]_1998O"
"368","LABPTA","Egypt PLO","1998-01-01","EGYPTP_1998O"
"369","LABPTA","Estonia Hungary","1998-01-01","EST-HUN[NA]_1998O"
"370","LABPTA","Faroe Islands Poland","1998-01-01","FRO-POL[NA]_1998O"
"371","LABPTA","Hungary Lithuania","1998-01-01","HUN-LTU[NA]_1998O"
"372","LABPTA","India Sri Lanka","1998-01-01","IND-LKA[NA]_1998O"
"373","LABPTA","Israel Slovenia","1998-01-01","ISR-SVN[NA]_1998O"
"374","LABPTA","Jordan Morocco","1998-01-01","JOR-MAR[NA]_1998O"
"375","LABPTA","Jordan Tunisia","1998-01-01","JOR-TUN[NA]_1998O"
"376","LABPTA","Latvia Turkey","1998-01-01","LVA-TUR[NA]_1998O"
"377","LABPTA","Slovenia Turkey","1998-01-01","SVN-TUR[NA]_1998O"
"378","LABPTA","Latvia Ukraine Agriculture","1998-01-01","LVA-UKR[UKA]_1998O"
"379","LABPTA","Andean Community Brazil","1999-01-01","ANDNCB_1999O"
"380","LABPTA","Argentina Cuba","1999-01-01","ARG-CUB[NA]_1999O"
"381","LABPTA","Armenia Kazakhstan","1999-01-01","ARM-KAZ[NA]_1999O"
"382","LABPTA","Brazil Cuba","1999-01-01","BRA-CUB[NA]_1999O"
"383","LABPTA","Bulgaria Macedonia","1999-01-01","BGR-MKD[MCD]_1999O"
"384","LABPTA","Central America Chile","1999-01-01","CNTRAC_1999O"
"385","LABPTA","Cuba Guatemala","1999-01-01","CUB-GTM[NA]_1999O"
"386","LABPTA","Cuba Uruguay","1999-01-01","CUB-URY[NA]_1999O"
"387","LABPTA","Cuba Venezuela","1999-01-01","CUB-VEN[VNZ]_1999O"
"388","LABPTA","EC South Africa","1999-01-01","ECSTHA_1999O"
"389","LABPTA","Eurasian Economic Community (EAEC)","1999-01-01","ERSNEC_1999O"
"390","LABPTA","Hungary Latvia","1999-01-01","HUN-LVA[NA]_1999O"
"391","LABPTA","Macedonia Turkey","1999-01-01","MKD-TUR[MCD]_1999O"
"392","LABPTA","Morocco Tunisia","1999-01-01","MAR-TUN[NA]_1999O"
"393","LABPTA","Poland Turkey","1999-01-01","POL-TUR[NA]_1999O"
"394","LABPTA","Andean Community Auto Agreement","1999-01-01","ANDNCA_1999A"
"395","LABPTA","Chile Cuba","1999-01-01","CHL-CUB[NA]_1999O"
"396","LABPTA","East African Community (EAC)","1999-01-01","ESTAFC_1999O"
"397","LABPTA","EC Switzerland Bilaterals 1","1999-01-01","ECSWTB_1999O1"
"398","TOTA","Georgia Ukraine","1995-01-09","GEO-UKR[UKR]_1995O"
"399","TOTA","Russian Federation Belarus Kazakhstan","1995-01-20","RSSFBK_1995O"
"400","TOTA","EU Turkey","1995-03-06","EUE-TUR[NA]_1995O"
"401","TOTA","Kyrgyz Republic Moldova","1995-05-16","KGZ-MDA[KYM]_1995O"
"402","TOTA","Estonia Ukraine","1995-05-24","EST-UKR[UKR]_1995O"
"403","TOTA","Kyrgyz Republic Ukraine","1995-05-26","KGZ-UKR[KYU]_1995O"
"404","TOTA","EFTA Slovenia","1995-06-13","EFTSLV_1995O"
"405","TOTA","Kyrgyz Republic Kazakhstan","1995-06-22","KAZ-KGZ[KYR]_1995O"
"406","TOTA","EU Tunisia","1995-07-07","EUE-TUN[NA]_1995O"
"407","TOTA","Ukraine Azerbaijan","1995-07-28","AZE-UKR[UKR]_1995O"
"408","TOTA","Georgia Armenia","1995-08-14","ARM-GEO[NA]_1995O"
"409","TOTA","Armenia Turkmenistan","1995-10-03","ARM-TKM[NA]_1995O"
"410","TOTA","EU Israel","1995-11-20","EUE-ISR[NA]_1995O"
"411","TOTA","Central European Free Trade Agreement (CEFTA) Accession Of Slovenia","1995-11-25","CEFTAS_1995A"
"412","TOTA","EFTA Estonia Free Trade Agreement","1995-12-07","EFTEFT_1995A"
"413","TOTA","EFTA Latvia","1995-12-07","EFTLTV_1995O"
"414","TOTA","EFTA Lithuania","1995-12-07","EFTLTH_1995O"
"415","TOTA","Bulgaria Slovak Republic Free Trade Agreement","1995-12-08","BGR-SVK[SFT]_1995A"
"416","TOTA","Czech Republic Bulgaria Free Trade Agreement","1995-12-15","BGR-CZE[FRT]_1995A"
"417","TOTA","EU Morocco","1996-02-26","EUE-MAR[NA]_1996O"
"418","TOTA","Georgia Azerbaijan","1996-03-08","AZE-GEO[NA]_1996O"
"419","TOTA","Turkey Israel","1996-03-14","ISR-TUR[NA]_1996O"
"420","TOTA","Georgia Turkmenistan","1996-03-20","GEO-TKM[NA]_1996O"
"421","TOTA","Eurasian Economic Community (EAEC)","1996-03-29","ERSNEC_1996O"
"422","TOTA","Czech Republic Latvia","1996-04-15","CZE-LVA[NA]_1996O"
"423","TOTA","Czech Republic Estonia","1996-04-19","CZE-EST[NA]_1996O"
"424","TOTA","Slovak Republic Latvia","1996-04-19","LVA-SVK[SLV]_1996O"
"425","TOTA","Slovenia Latvia","1996-04-22","LVA-SVN[NA]_1996O"
"426","TOTA","Czech Republic Israel","1996-05-20","CZE-ISR[NA]_1996O"
"427","TOTA","Slovak Republic Israel","1996-05-22","ISR-SVK[SLV]_1996O"
"428","TOTA","Poland Lithuania","1996-05-27","LTU-POL[NA]_1996O"
"429","TOTA","Slovak Republic Estonia","1996-05-28","EST-SVK[SLV]_1996O"
"430","TOTA","EC Slovenia Europe Agreement","1996-06-10","ECSLVE_1996A"
"431","TOTA","Slovenia Former Yugoslav Republic Of Macedonia","1996-07-01","MKD-SVN[YGM]_1996O"
"432","TOTA","Canada Israel","1996-07-31","CAN-ISR[NA]_1996O"
"433","TOTA","Southern African Development Community (SADC)","1996-08-24","STHADC_1996O"
"434","TOTA","Slovenia Lithuania","1996-10-04","LTU-SVN[NA]_1996O"
"435","TOTA","Czech Republic Lithuania","1996-10-14","CZE-LTU[NA]_1996O"
"436","TOTA","EC Slovenia Interim Agreement","1996-11-11","ECSLVI_1996A"
"437","TOTA","Bulgaria Slovenia","1996-11-22","BGR-SVN[NA]_1996O"
"438","TOTA","Slovenia Estonia","1996-11-26","EST-SVN[NA]_1996O"
"439","TOTA","Slovak Republic Lithuania","1996-11-27","LTU-SVK[SLV]_1996O"
"440","TOTA","Canada Chile","1996-12-05","CAN-CHL[NA]_1996O"
"441","TOTA","EU Faroe Islands","1996-12-06","EUE-FRO[NA]_1996O"
"442","TOTA","Kyrgyz Republic Uzbekistan","1996-12-24","KGZ-UZB[KYR]_1996O"
"443","TOTA","Hungary Turkey","1997-01-08","HUN-TUR[NA]_1997O"
"444","TOTA","Pan-Arab Free Trade Area (PAFTA)","1997-02-19","PNAFTA_1997O"
"445","TOTA","EU Palestinian Authority","1997-02-24","EUE-PSE[EPA]_1997O"
"446","TOTA","Central European Free Trade Agreement (CEFTA) Accession Of Romania","1997-04-12","CEFTAR_1997A"
"447","TOTA","Poland Latvia","1997-04-28","LVA-POL[NA]_1997O"
"448","TOTA","Romania Turkey","1997-04-29","ROU-TUR[NA]_1997O"
"449","TOTA","Croatia Former Yugoslav Republic Of Macedonia","1997-05-09","HRV-MKD[YGM]_1997O"
"450","TOTA","Turkey Lithuania","1997-06-02","LTU-TUR[NA]_1997O"
"451","TOTA","Turkey Estonia","1997-06-03","EST-TUR[NA]_1997O"
"452","TOTA","EFTA Morocco","1997-06-19","EFTMRC_1997O"
"453","TOTA","Czech Republic Turkey","1997-10-03","CZE-TUR[NA]_1997O"
"454","TOTA","Hungary Israel","1997-10-14","HUN-ISR[NA]_1997O"
"455","TOTA","Slovak Republic Turkey","1997-10-20","SVK-TUR[SLV]_1997O"
"456","TOTA","Georgia Kazakhstan","1997-11-11","GEO-KAZ[NA]_1997O"
"457","TOTA","EU Jordan","1997-11-24","EUE-JOR[NA]_1997O"
"458","TOTA","Estonia Faeroe Islands","1997-11-30","EST-FRO[FRI]_1997O"
"459","TOTA","EU Mexico","1997-12-08","EUE-MEX[NA]_1997O"
"460","TOTA","Slovenia Croatia","1997-12-12","HRV-SVN[NA]_1997O"
"461","TOTA","Mexico Nicaragua","1997-12-18","MEX-NIC[NA]_1997O"
"462","TOTA","Poland Israel","1998-01-07","ISR-POL[NA]_1998O"
"463","TOTA","Dominican Republic Central America","1998-04-16","DMNRCA_1998O"
"464","TOTA","Chile Mexico","1998-04-17","CHL-MEX[NA]_1998O"
"465","TOTA","Turkey Slovenia","1998-05-05","SVN-TUR[NA]_1998O"
"466","TOTA","Slovenia Israel","1998-05-13","ISR-SVN[NA]_1998O"
"467","TOTA","Turkey Latvia","1998-06-16","LVA-TUR[NA]_1998O"
"468","TOTA","Bulgaria Turkey","1998-07-11","BGR-TUR[NA]_1998O"
"469","TOTA","Central European Free Trade Agreement (CEFTA) Accession Of Bulgaria","1998-07-17","CEFTAB_1998A"
"470","TOTA","Hungary Estonia","1998-11-01","EST-HUN[NA]_1998O"
"471","TOTA","Poland Faeroe Islands","1998-11-03","FRO-POL[FRI]_1998O"
"472","TOTA","Hungary Lithuania","1998-11-13","HUN-LTU[NA]_1998O"
"473","TOTA","EFTA Palestinian Authority","1998-11-30","EFTPLA_1998O"
"474","TOTA","India Sri Lanka","1998-12-28","IND-LKA[NA]_1998O"
"475","TOTA","Hungary Latvia","1999-06-10","HUN-LVA[NA]_1999O"
"476","TOTA","Armenia Kazakhstan","1999-09-02","ARM-KAZ[NA]_1999O"
"477","TOTA","Turkey Former Yugoslav Republic Of Macedonia","1999-09-07","MKD-TUR[YGM]_1999O"
"478","TOTA","Turkey Poland","1999-10-04","POL-TUR[NA]_1999O"
"479","TOTA","EU South Africa","1999-10-11","EUE-ZAF[NA]_1999O"
"480","TOTA","Bulgaria Former Yugoslav Republic Of Macedonia","1999-10-13","BGR-MKD[YGM]_1999O"
"481","TOTA","Chile Central America","1999-10-18","CHLCNA_1999O"
"482","TOTA","East African Community (EAC)","1999-11-30","ESTAFC_1999O"
"483","TREND","Bolivia MERCOSUR1996","1996-01-01","BLVMRC_1996O"
"484","TREND","Bulgaria Slovenia1996","1996-01-01","BGR-SVN[NA]_1996O"
"485","TREND","Canada Chile1996","1996-01-01","CAN-CHL[NA]_1996O"
"486","TREND","Canada Israel1996","1996-01-01","CAN-ISR[NA]_1996O"
"487","TREND","Chile MERCOSUR1996","1996-01-01","CHLMRC_1996O"
"488","TREND","Andean Community Trujillo Protocol1996","1996-01-01","ANDNCT_1996P"
"489","TREND","Czech Republic Estonia1996","1996-01-01","CZE-EST[NA]_1996O"
"490","TREND","Czech Republic Israel1996","1996-01-01","CZE-ISR[NA]_1996O"
"491","TREND","Czech Republic Latvia1996","1996-01-01","CZE-LVA[NA]_1996O"
"492","TREND","EC Faroe Islands1996","1996-01-01","ECFRIS_1996O"
"493","TREND","EC Morocco Euro-Med Association Agreement1996","1996-01-01","ECMEMA_1996A"
"494","TREND","EC Slovenia Europe Agreement1996","1996-01-01","ECSLVE_1996A"
"495","TREND","EFTA Annex H1996","1996-01-01","EFTANH_1996P"
"496","TREND","Egypt Jordan1996","1996-01-01","EGY-JOR[NA]_1996O"
"497","TREND","Estonia Slovakia1996","1996-01-01","EST-SVK[NA]_1996O"
"498","TREND","Estonia Slovenia1996","1996-01-01","EST-SVN[NA]_1996O"
"499","TREND","Georgia Turkmenistan1996","1996-01-01","GEO-TKM[NA]_1996O"
"500","TREND","Israel Slovakia1996","1996-01-01","ISR-SVK[NA]_1996O"
"501","TREND","Israel Turkey1996","1996-01-01","ISR-TUR[NA]_1996O"
"502","TREND","Kyrgyzstan Uzbekistan1996","1996-01-01","KGZ-UZB[NA]_1996O"
"503","TREND","Latvia Slovakia1996","1996-01-01","LVA-SVK[NA]_1996O"
"504","TREND","Latvia Slovenia1996","1996-01-01","LVA-SVN[NA]_1996O"
"505","TREND","Lithuania Poland1996","1996-01-01","LTU-POL[NA]_1996O"
"506","TREND","Lithuania Slovakia1996","1996-01-01","LTU-SVK[NA]_1996O"
"507","TREND","Lithuania Slovenia1996","1996-01-01","LTU-SVN[NA]_1996O"
"508","TREND","Macedonia Slovenia1996","1996-01-01","MKD-SVN[MCD]_1996O"
"509","TREND","Southern African Development Community (SADC)1996","1996-01-01","STHADC_1996O"
"510","TREND","Azerbaijan Georgia1996","1996-01-01","AZE-GEO[NA]_1996O"
"511","TREND","Armenia Cyprus1996","1996-01-01","ARM-CYP[NA]_1996O"
"512","TREND","Baltic Free Trade Area (BAFTA) Agriculture1996","1996-01-01","BLFTAA_1996O"
"513","TREND","Caribbean Community (CARICOM) Protocol On Services1997","1997-01-01","CRBBCS_1997P"
"514","TREND","Algeria Jordan1997","1997-01-01","JOR-ALG[NA]_1997O"
"515","TREND","Central European Free Trade Agreement (CEFTA) Romania Accession1997","1997-01-01","CEFTRA_1997A"
"516","TREND","Croatia Macedonia1997","1997-01-01","HRV-MKD[MCD]_1997O"
"517","TREND","Croatia Slovenia1997","1997-01-01","HRV-SVN[NA]_1997O"
"518","TREND","Czech Republic Turkey1997","1997-01-01","CZE-TUR[NA]_1997O"
"519","TREND","EC Amsterdam1997","1997-01-01","ECAMST_1997O"
"520","TREND","EC Jordan Euro-Med Association Agreement1997","1997-01-01","ECJEMA_1997A"
"521","TREND","EFTA Morocco1997","1997-01-01","EFTMRC_1997O"
"522","TREND","Estonia Faroe Islands1997","1997-01-01","EST-FRO[NA]_1997O"
"523","TREND","Estonia Turkey1997","1997-01-01","EST-TUR[NA]_1997O"
"524","TREND","Georgia Kazakhstan1997","1997-01-01","GEO-KAZ[NA]_1997O"
"525","TREND","Greater Arab Free Trade Agreement1997","1997-01-01","GRTAFT_1997A"
"526","TREND","Hungary Israel1997","1997-01-01","HUN-ISR[NA]_1997O"
"527","TREND","Hungary Turkey1997","1997-01-01","HUN-TUR[NA]_1997O"
"528","TREND","Israel Poland1997","1997-01-01","ISR-POL[NA]_1997O"
"529","TREND","Latvia Poland1997","1997-01-01","LVA-POL[NA]_1997O"
"530","TREND","Lithuania Turkey1997","1997-01-01","LTU-TUR[NA]_1997O"
"531","TREND","MERCOSUR Services1997","1997-01-01","MRCSRS_1997O"
"532","TREND","Mexico Nicaragua1997","1997-01-01","MEX-NIC[NA]_1997O"
"533","TREND","Romania Turkey1997","1997-01-01","ROU-TUR[NA]_1997O"
"534","TREND","Slovakia Turkey1997","1997-01-01","SVK-TUR[NA]_1997O"
"535","TREND","Andean Community Sucre Protocol1997","1997-01-01","ANDNCS_1997P"
"536","TREND","Guinea Morocco1997","1997-01-01","GIN-MAR[NA]_1997O"
"537","TREND","Baltic Free Trade Area (BAFTA) Non Tariff Barriers1997","1997-01-01","BFTATB_1997O"
"538","TREND","Pan-Arab Free Trade Area PAFTA1997","1997-01-01","PAFTAP_1997O"
"539","TREND","Bulgaria Turkey1998","1998-01-01","BGR-TUR[NA]_1998O"
"540","TREND","Caribbean Community (CARICOM) Dominican Republic1998","1998-01-01","CRBCDR_1998O"
"541","TREND","Central America Dominican Republic1998","1998-01-01","CNTADR_1998O"
"542","TREND","Central European Free Trade Agreement (CEFTA) Bulgaria Accession1998","1998-01-01","CEFTBA_1998A"
"543","TREND","Chile Mexico1998","1998-01-01","CHL-MEX[NA]_1998O"
"544","TREND","Chile Peru1998","1998-01-01","CHL-PER[NA]_1998O"
"545","TREND","Egypt Jordan1998","1998-01-01","EGY-JOR[NA]_1998O"
"546","TREND","Egypt Morocco1998","1998-01-01","EGY-MAR[NA]_1998O"
"547","TREND","Egypt PLO1998","1998-01-01","EGYPTP_1998O"
"548","TREND","Estonia Hungary1998","1998-01-01","EST-HUN[NA]_1998O"
"549","TREND","Faroe Islands Poland1998","1998-01-01","FRO-POL[NA]_1998O"
"550","TREND","Hungary Lithuania1998","1998-01-01","HUN-LTU[NA]_1998O"
"551","TREND","India Sri Lanka1998","1998-01-01","IND-LKA[NA]_1998O"
"552","TREND","Israel Slovenia1998","1998-01-01","ISR-SVN[NA]_1998O"
"553","TREND","Jordan Morocco1998","1998-01-01","JOR-MAR[NA]_1998O"
"554","TREND","Jordan Tunisia1998","1998-01-01","JOR-TUN[NA]_1998O"
"555","TREND","Latin American Integration Association Cuba Accession1998","1998-01-01","LAIACA_1998O"
"556","TREND","Latvia Turkey1998","1998-01-01","LVA-TUR[NA]_1998O"
"557","TREND","Slovenia Turkey1998","1998-01-01","SVN-TUR[NA]_1998O"
"558","TREND","Latvia Ukraine Agriculture1998","1998-01-01","LVA-UKR[UKA]_1998O"
"559","TREND","Belarus Russia (Union State)1999","1999-01-01","BLR-RUS[RSS]_1999O"
"560","TREND","Brazil Cuba1999","1999-01-01","BRA-CUB[NA]_1999O"
"561","TREND","Bulgaria Macedonia1999","1999-01-01","BGR-MKD[MCD]_1999O"
"562","TREND","Central America Chile1999","1999-01-01","CNTRAC_1999O"
"563","TREND","Andean Community Brazil1999","1999-01-01","ANDNCB_1999O"
"564","TREND","Cuba Guatemala1999","1999-01-01","CUB-GTM[NA]_1999O"
"565","TREND","Cuba Uruguay1999","1999-01-01","CUB-URY[NA]_1999O"
"566","TREND","Cuba Venezuela1999","1999-01-01","CUB-VEN[VNZ]_1999O"
"567","TREND","EC South Africa1999","1999-01-01","ECSTHA_1999O"
"568","TREND","Argentina Cuba1999","1999-01-01","ARG-CUB[NA]_1999O"
"569","TREND","Eurasian Economic Community (EAEC)1999","1999-01-01","ERSNEC_1999O"
"570","TREND","Guatemala Mexico1999","1999-01-01","GTM-MEX[NA]_1999O"
"571","TREND","Hungary Latvia1999","1999-01-01","HUN-LVA[NA]_1999O"
"572","TREND","Armenia Kazakhstan1999","1999-01-01","ARM-KAZ[NA]_1999O"
"573","TREND","Macedonia Turkey1999","1999-01-01","MKD-TUR[MCD]_1999O"
"574","TREND","Morocco Tunisia1999","1999-01-01","MAR-TUN[NA]_1999O"
"575","TREND","Poland Turkey1999","1999-01-01","POL-TUR[NA]_1999O"
"576","TREND","Andean Community Auto Agreement1999","1999-01-01","ANDNCA_1999A"
"577","TREND","Chile Cuba1999","1999-01-01","CHL-CUB[NA]_1999O"
"578","TREND","East African Community (EAC)1999","1999-01-01","ESTAFC_1999O"
"579","TREND","EC Switzerland Bilaterals I1999","1999-01-01","ECSWBI_1999O"
"585","HUGGO","Georgia Ukraine","1995-01-09","GEO-UKR[UKR]_1995O"
"586","HUGGO","Russian Federation Belarus Kazakhstan","1995-01-20","RSSFBK_1995O"
"587","HUGGO","EU Turkey","1995-03-06","EUE-TUR[NA]_1995O"
"588","HUGGO","Armenia-Iran","1995-05-06","ARM-IRN[IRN]_1995O"
"589","HUGGO","Kyrgyz Republic Moldova","1995-05-16","KGZ-MDA[KYM]_1995O"
"590","HUGGO","Estonia Ukraine","1995-05-24","EST-UKR[UKR]_1995O"
"591","HUGGO","Kyrgyz Republic Ukraine","1995-05-26","KGZ-UKR[KYU]_1995O"
"592","HUGGO","Kyrgyzstan Moldova","1995-05-26","KGZ-MDA[MLD]_1995O"
"593","HUGGO","Kyrgyzstan Ukraine","1995-05-26","KGZ-UKR[UKR]_1995O"
"594","HUGGO","EC Estonia Europe Agreement","1995-06-12","ECESTE_1995A"
"595","HUGGO","EC Latvia Europe Agreement","1995-06-12","ECLTVE_1995A"
"596","HUGGO","EC Lithuania Europe Agreement","1995-06-12","ECLTHE_1995A"
"597","HUGGO","EFTA Slovenia","1995-06-13","EFTSLV_1995O"
"598","HUGGO","Kyrgyz Republic Kazakhstan","1995-06-22","KAZ-KGZ[KYR]_1995O"
"599","HUGGO","Kazakhstan Kyrgyzstan","1995-06-22","KAZ-KGZ[NA]_1995O"
"600","HUGGO","EU Tunisia","1995-07-07","EUE-TUN[NA]_1995O"
"601","HUGGO","EC Tunisia","1995-07-07","ECTUNS_1995O"
"602","HUGGO","EC Tunisia Euro-Med Association Agreement","1995-07-19","ECTEMA_1995A"
"603","HUGGO","Ukraine Azerbaijan","1995-07-28","AZE-UKR[UKR]_1995O"
"604","HUGGO","Georgia Armenia","1995-08-14","ARM-GEO[NA]_1995O"
"605","HUGGO","Armenia Turkmenistan","1995-10-03","ARM-TKM[NA]_1995O"
"606","HUGGO","Israel Jordan","1995-10-25","ISR-JOR[NA]_1995O"
"607","HUGGO","United States Albania","1995-11-01","ALB-USA[NA]_1995O"
"608","HUGGO","EC Israel Euro-Med Association Agreement","1995-11-20","ECIEMA_1995A"
"609","HUGGO","EU Israel","1995-11-20","EUE-ISR[NA]_1995O"
"610","HUGGO","EC Israel","1995-11-20","ECISRL_1995O"
"611","HUGGO","Central European Free Trade Agreement (CEFTA) Accession Of Slovenia","1995-11-25","CEFTAS_1995A"
"612","HUGGO","CEFTA Accession Of Slovenia","1995-11-25","CFTACS_1995O"
"613","HUGGO","EFTA Estonia","1995-12-07","EFTEST_1995O"
"614","HUGGO","EFTA Estonia Free Trade Agreement","1995-12-07","EFTEFT_1995A"
"615","HUGGO","EFTA Latvia","1995-12-07","EFTLTV_1995O"
"616","HUGGO","EFTA Lithuania","1995-12-07","EFTLTH_1995O"
"617","HUGGO","Bulgaria Slovak Republic Free Trade Agreement","1995-12-08","BGR-SVK[SFT]_1995A"
"618","HUGGO","Association Of South East Asian Nations Services","1995-12-15","ASEANS_1995O"
"619","HUGGO","Bulgaria Czech Republic","1995-12-15","BGR-CZE[NA]_1995O"
"620","HUGGO","Czech Republic Bulgaria Free Trade Agreement","1995-12-15","BGR-CZE[FRT]_1995A"
"621","HUGGO","EC Turkey","1995-12-22","ECTRKY_1995O"
"622","HUGGO","EC Turkey","1996-01-01","ECTRKY_1996O"
"623","HUGGO","Azerbaijan Turkmenistan","1996-01-01","AZE-TKM[NA]_1996O"
"624","HUGGO","Azerbaijan Uzbekistan","1996-01-01","AZE-UZB[NA]_1996O"
"625","HUGGO","Baltic Free Trade Area (BAFTA) Agriculture","1996-01-01","BLFTAA_1996O"
"626","HUGGO","Egypt Jordan","1996-01-01","EGY-JOR[NA]_1996O"
"627","HUGGO","Eurasian Economic Community (Union Of The 5)","1996-01-01","ERSNEC_1996O5"
"628","HUGGO","Fiji Papua New Guinea","1996-01-01","FJI-PNG[NA]_1996O"
"629","HUGGO","Macedonia Serbia And Montenegro","1996-01-01","MKD-MNE[MCS]_1996O"
"630","HUGGO","South Africa Zimbabwe","1996-01-01","ZAF-ZWE[NA]_1996O"
"631","HUGGO","Egypt Jordan","1996-01-01","EGY-JOR[NA]_1996O"
"632","HUGGO","EFTA Annex H1996","1996-01-01","EFTANH_1996P"
"633","HUGGO","Armenia Cyprus1996","1996-01-01","ARM-CYP[NA]_1996O"
"634","HUGGO","Slovenia The Former Yugoslav Republic Of Macedonian","1996-01-07","MKD-SVN[NA]_1996O"
"635","HUGGO","EC Morocco Euro-Med Association Agreement","1996-02-26","ECMEMA_1996A"
"636","HUGGO","EU Morocco","1996-02-26","EUE-MAR[NA]_1996O"
"637","HUGGO","EC Morocco","1996-02-26","ECMRCC_1996O"
"638","HUGGO","Georgia Azerbaijan","1996-03-08","AZE-GEO[NA]_1996O"
"639","HUGGO","Andean Community Trujillo Protocol","1996-03-10","ANDNCT_1996P"
"640","HUGGO","Turkey Israel","1996-03-14","ISR-TUR[NA]_1996O"
"641","HUGGO","Georgia Turkmenistan","1996-03-20","GEO-TKM[NA]_1996O"
"642","HUGGO","Eurasian Economic Community (EAEC)","1996-03-29","ERSNEC_1996O"
"643","HUGGO","Czech Republic Latvia","1996-04-15","CZE-LVA[NA]_1996O"
"644","HUGGO","Latvia Slovakia","1996-04-19","LVA-SVK[NA]_1996O"
"645","HUGGO","Czech Republic Estonia","1996-04-19","CZE-EST[NA]_1996O"
"646","HUGGO","Slovak Republic Latvia","1996-04-19","LVA-SVK[SLV]_1996O"
"647","HUGGO","Slovenia Latvia","1996-04-22","LVA-SVN[NA]_1996O"
"648","HUGGO","Chile China","1996-05-12","CHL-CHN[NA]_1996O"
"649","HUGGO","Slovak Republic Estonia","1996-05-18","EST-SVK[SLV]_1996O"
"650","HUGGO","Israel Slovakia","1996-05-20","ISR-SVK[NA]_1996O"
"651","HUGGO","Czech Republic Israel","1996-05-20","CZE-ISR[NA]_1996O"
"652","HUGGO","Slovak Republic Israel","1996-05-22","ISR-SVK[SLV]_1996O"
"653","HUGGO","Estonia Slovakia","1996-05-28","EST-SVK[NA]_1996O"
"654","HUGGO","EC Slovenia Europe Agreement","1996-06-10","ECSLVE_1996A"
"655","HUGGO","EC Faroe Islands","1996-06-12","ECFRIS_1996O"
"656","HUGGO","BAFTA Agricultural Goods","1996-06-16","BFTAGG_1996O"
"657","HUGGO","Chile MERCOSUR","1996-06-25","CHLMRC_1996O"
"658","HUGGO","MERCOSUR Chile","1996-06-25","MRCSRC_1996O"
"659","HUGGO","Poland Lithuania","1996-06-27","LTU-POL[NA]_1996O"
"660","HUGGO","Macedonia Slovenia","1996-07-01","MKD-SVN[MCD]_1996O"
"661","HUGGO","Slovenia Former Yugoslav Republic Of Macedonia","1996-07-01","MKD-SVN[YGM]_1996O"
"662","HUGGO","Canada Israel","1996-07-31","CAN-ISR[NA]_1996O"
"663","HUGGO","Southern African Development Community (SADC)","1996-08-24","STHADC_1996O"
"664","HUGGO","SADC","1996-08-24","SADC_1996O"
"665","HUGGO","Andean Community (CAN)","1996-10-03","ANDNCM_1996O"
"666","HUGGO","Slovenia Lithuania","1996-10-04","LTU-SVN[NA]_1996O"
"667","HUGGO","Czech Republic Lithuania","1996-10-14","CZE-LTU[NA]_1996O"
"668","HUGGO","EC Slovenia Interim Agreement","1996-11-11","ECSLVI_1996A"
"669","HUGGO","Bulgaria Slovenia","1996-11-11","BGR-SVN[NA]_1996O"
"670","HUGGO","Slovenia Estonia","1996-11-26","EST-SVN[NA]_1996O"
"671","HUGGO","Slovak Republic Lithuania","1996-11-27","LTU-SVK[SLV]_1996O"
"672","HUGGO","Lithuania Slovakian","1996-11-27","LTU-SVK[NA]_1996O"
"673","HUGGO","Canada Chile","1996-12-05","CAN-CHL[NA]_1996O"
"674","HUGGO","EU Faroe Islands","1996-12-06","EUE-FRO[NA]_1996O"
"675","HUGGO","Bolivia MERCOSUR","1996-12-17","BLVMRC_1996O"
"676","HUGGO","MERCOSUR Bolivia","1996-12-17","MRCSRB_1996O"
"677","HUGGO","Kyrgyz Republic Uzbekistan","1996-12-24","KGZ-UZB[KYR]_1996O"
"678","HUGGO","Kyrgyzstan Uzbekistann","1996-12-24","KGZ-UZB[NA]_1996O"
"679","HUGGO","Israel Slovak Republic","1997-01-01","ISR-SVK[SLV]_1997O"
"680","HUGGO","Azerbaijan Kazakhstan","1997-01-01","AZE-KAZ[NA]_1997O"
"681","HUGGO","Chad Morocco","1997-01-01","MAR-TCD[NA]_1997O"
"682","HUGGO","Greater Arab Free Trade Agreement","1997-01-01","GRTAFT_1997A"
"683","HUGGO","Kazakhstan Uzbekistan","1997-01-01","KAZ-UZB[NA]_1997O"
"684","HUGGO","Belarus Kazakhstan","1997-01-01","BLR-KAZ[NA]_1997O"
"685","HUGGO","Bosnia And Herzegovina Macedonia","1997-01-01","BIH-MKD[MCD]_1997O"
"686","HUGGO","Georgia Moldova","1997-01-01","GEO-MDA[MLD]_1997O"
"687","HUGGO","Croatia Macedonia (amended)","1997-01-01","HRV-MKD[MCD]_1997E"
"688","HUGGO","Central European Free Trade Agreement (CEFTA) Romania Accession1997","1997-01-01","CEFTRA_1997A"
"689","HUGGO","Pan-Arab Free Trade Area PAFTA1997","1997-01-01","PAFTAP_1997O"
"690","HUGGO","Lithuania Slovenia","1997-01-03","LTU-SVN[NA]_1997O"
"691","HUGGO","EC PLO (Palestine Liberation Organization)","1997-01-07","ECPPLO_1997O"
"692","HUGGO","Hungary Turkey","1997-01-08","HUN-TUR[NA]_1997O"
"693","HUGGO","Pan-Arab Free Trade Area (PAFTA)","1997-02-19","PNAFTA_1997O"
"694","HUGGO","Egypt Palestine","1997-02-19","EGY-PSE[PLS]_1997O"
"695","HUGGO","EU Palestinian Authority","1997-02-24","EUE-PSE[EPA]_1997O"
"696","HUGGO","Guinea Morocco","1997-04-12","GIN-MAR[NA]_1997O"
"697","HUGGO","Central European Free Trade Agreement (CEFTA) Accession Of Romania","1997-04-12","CEFTAR_1997A"
"698","HUGGO","Poland Latvia","1997-04-28","LVA-POL[NA]_1997O"
"699","HUGGO","Romania Turkey","1997-04-29","ROU-TUR[NA]_1997O"
"700","HUGGO","EC FYROM","1997-04-29","ECFYRM_1997O"
"701","HUGGO","Croatia Macedonia","1997-05-09","HRV-MKD[MCD]_1997O"
"702","HUGGO","Croatia Former Yugoslav Republic Of Macedonia","1997-05-09","HRV-MKD[YGM]_1997O"
"703","HUGGO","Algeria Jordan","1997-05-19","JOR-ALG[NA]_1997O"
"704","HUGGO","Turkey Lithuania","1997-06-02","LTU-TUR[NA]_1997O"
"705","HUGGO","Turkey Estonia","1997-06-03","EST-TUR[NA]_1997O"
"706","HUGGO","EFTA Morocco","1997-06-19","EFTMRC_1997O"
"707","HUGGO","Andean Community Sucre Protocol","1997-06-26","ANDNCS_1997P"
"708","HUGGO","Caribbean Community (CARICOM) Protocol On Services","1997-07-01","CRBBCS_1997P"
"709","HUGGO","Israel Poland","1997-07-21","ISR-POL[NA]_1997O"
"710","HUGGO","EC Amsterdam","1997-10-02","ECAMST_1997O"
"711","HUGGO","Czech Republic Turkey","1997-10-03","CZE-TUR[NA]_1997O"
"712","HUGGO","Hungary Israel","1997-10-14","HUN-ISR[NA]_1997O"
"713","HUGGO","Slovak Republic Turkey","1997-10-20","SVK-TUR[SLV]_1997O"
"714","HUGGO","Georgia Kazakhstan","1997-11-11","GEO-KAZ[NA]_1997O"
"715","HUGGO","Baltic Free Trade Area (BAFTA) Non Tariff Barriers","1997-11-20","BFTATB_1997O"
"716","HUGGO","Slovakia Turkey","1997-11-20","SVK-TUR[NA]_1997O"
"717","HUGGO","BAFTA Non Tarriff Barriers","1997-11-20","BFTTRB_1997O"
"718","HUGGO","EC Jordan Euro-Med Association Agreement","1997-11-24","ECJEMA_1997A"
"719","HUGGO","EU Jordan","1997-11-24","EUE-JOR[NA]_1997O"
"720","HUGGO","EC Jordan","1997-11-24","ECJRDN_1997O"
"721","HUGGO","Estonia Faroe Islands","1997-11-27","EST-FRO[NA]_1997O"
"722","HUGGO","Estonia Faeroe Islands","1997-11-30","EST-FRO[FRI]_1997O"
"723","HUGGO","CEFTA Accession Of Romania","1997-12-04","CFTACR_1997O"
"724","HUGGO","EU Mexico","1997-12-08","EUE-MEX[NA]_1997O"
"725","HUGGO","Slovenia Croatia","1997-12-12","HRV-SVN[NA]_1997O"
"726","HUGGO","MERCOSUR Services","1997-12-15","MRCSRS_1997O"
"727","HUGGO","Mexico Nicaragua","1997-12-18","MEX-NIC[NA]_1997O"
"728","HUGGO","Belarus Tajikistan","1998-01-01","BLR-TJK[NA]_1998O"
"729","HUGGO","Chile Peru","1998-01-01","CHL-PER[NA]_1998O"
"730","HUGGO","Egypt Lebanon","1998-01-01","EGY-LBN[NA]_1998O"
"731","HUGGO","Egypt Morocco","1998-01-01","EGY-MAR[NA]_1998O"
"732","HUGGO","Egypt PLO","1998-01-01","EGYPTP_1998O"
"733","HUGGO","Egypt Tunisia","1998-01-01","EGY-TUN[NA]_1998O"
"734","HUGGO","Jordan Morocco","1998-01-01","JOR-MAR[NA]_1998O"
"735","HUGGO","Kuwait Lebanon","1998-01-01","KWT-LBN[NA]_1998O"
"736","HUGGO","Commonwealth Of Independent States (CIS) Common Agrarian Market (CAM)","1998-01-01","CISCAM_1998O"
"737","HUGGO","Cook Islands Fiji","1998-01-01","COK-FJI[NA]_1998O"
"738","HUGGO","Ecuador Peru","1998-01-01","ECU-PER[NA]_1998O"
"739","HUGGO","Estonia Poland","1998-01-01","EST-POL[NA]_1998O"
"740","HUGGO","Central European Free Trade Agreement (CEFTA) Bulgaria Accession1998","1998-01-01","CEFTBA_1998A"
"741","HUGGO","Latin American Integration Association Cuba Accession1998","1998-01-01","LAIACA_1998O"
"742","HUGGO","Hungary Israeln","1998-01-02","HUN-ISR[NA]_1998O"
"743","HUGGO","Poland Israel","1998-01-07","ISR-POL[NA]_1998O"
"744","HUGGO","Latvia Ukraine Agriculture","1998-02-26","LVA-UKR[UKA]_1998O"
"745","HUGGO","Dominican Republic Central America","1998-04-16","DMNRCA_1998O"
"746","HUGGO","MERCOSUR Andean Community","1998-04-16","MRCSAC_1998O"
"747","HUGGO","Chile Mexico","1998-04-17","CHL-MEX[NA]_1998O"
"748","HUGGO","Jordan Tunisia","1998-04-22","JOR-TUN[NA]_1998O"
"749","HUGGO","Turkey Slovenia","1998-05-05","SVN-TUR[NA]_1998O"
"750","HUGGO","Slovenia Israel","1998-05-13","ISR-SVN[NA]_1998O"
"751","HUGGO","Turkey Latvia","1998-06-16","LVA-TUR[NA]_1998O"
"752","HUGGO","Chile Peru","1998-06-22","CHL-PER[NA]_1998O"
"753","HUGGO","Bulgaria Turkey","1998-07-11","BGR-TUR[NA]_1998O"
"754","HUGGO","Central European Free Trade Agreement (CEFTA) Accession Of Bulgaria","1998-07-17","CEFTAB_1998A"
"755","HUGGO","Caribbean Community (CARICOM) Dominican Republic","1998-08-22","CRBCDR_1998O"
"756","HUGGO","CARICOM Dominican Republic","1998-08-22","CRCMDR_1998O"
"757","HUGGO","Egypt Jordan","1998-10-12","EGY-JOR[NA]_1998O"
"758","HUGGO","Faroe Islands Poland","1998-11-03","FRO-POL[NA]_1998O"
"759","HUGGO","Poland Faeroe Islands","1998-11-03","FRO-POL[FRI]_1998O"
"760","HUGGO","Hungary Estonia","1998-11-04","EST-HUN[NA]_1998O"
"761","HUGGO","Hungary Lithuania","1998-11-13","HUN-LTU[NA]_1998O"
"762","HUGGO","EFTA Palestinian Authority","1998-11-30","EFTPLA_1998O"
"763","HUGGO","EFTA PLO","1998-11-30","EFTAPL_1998O"
"764","HUGGO","Egypt Jordan","1998-12-10","EGY-JOR[NA]_1998O"
"765","HUGGO","India Sri Lanka","1998-12-28","IND-LKA[NA]_1998O"
"766","HUGGO","CEFTA Accession Of Bulgaria","1999-01-01","CFTACB_1999O"
"767","HUGGO","Andean Countries Brazil","1999-01-01","ANDNCB_1999O"
"768","HUGGO","Argentina Cuba","1999-01-01","ARG-CUB[NA]_1999O"
"769","HUGGO","Belarus Kyrgyzstan","1999-01-01","BLR-KGZ[NA]_1999O"
"770","HUGGO","Belarus Russia (Union State)","1999-01-01","BLR-RUS[RSS]_1999O"
"771","HUGGO","Brazil Cuba","1999-01-01","BRA-CUB[NA]_1999O"
"772","HUGGO","Cuba Guatemala","1999-01-01","CUB-GTM[NA]_1999O"
"773","HUGGO","Cuba Uruguay","1999-01-01","CUB-URY[NA]_1999O"
"774","HUGGO","Cuba Venezuela","1999-01-01","CUB-VEN[VNZ]_1999O"
"775","HUGGO","Morocco Tunisia","1999-01-01","MAR-TUN[NA]_1999O"
"776","HUGGO","Chile Cuba","1999-01-01","CHL-CUB[NA]_1999O"
"777","HUGGO","Egypt Saudi Arabia","1999-01-01","EGY-SAU[SDA]_1999O"
"778","HUGGO","Guatemala Mexico1999","1999-01-01","GTM-MEX[NA]_1999O"
"779","HUGGO","EC Switzerland Bilaterals I1999","1999-01-01","ECSWBI_1999O"
"780","HUGGO","Latvia Poland","1999-01-06","LVA-POL[NA]_1999O"
"781","HUGGO","Hungary Latvia","1999-06-10","HUN-LVA[NA]_1999O"
"782","HUGGO","EC Switzerland Bilaterals 1","1999-06-21","ECSWTB_1999O1"
"783","HUGGO","FYROM Turkey","1999-07-09","MKD-TUR[FYR]_1999O"
"784","HUGGO","Armenia Kazakhstan","1999-09-02","ARM-KAZ[NA]_1999O"
"785","HUGGO","Macedonia Turkey","1999-09-07","MKD-TUR[MCD]_1999O"
"786","HUGGO","Turkey Former Yugoslav Republic Of Macedonia","1999-09-07","MKD-TUR[YGM]_1999O"
"787","HUGGO","Andean Community Auto Agreement","1999-09-16","ANDNCA_1999A"
"788","HUGGO","Turkey Poland","1999-10-04","POL-TUR[NA]_1999O"
"789","HUGGO","EU South Africa","1999-10-11","EUE-ZAF[NA]_1999O"
"790","HUGGO","EC South Africa","1999-10-11","ECSTHA_1999O"
"791","HUGGO","Bulgaria Former Yugoslav Republic Of Macedonia","1999-10-13","BGR-MKD[YGM]_1999O"
"792","HUGGO","Bulgaria Macedonia","1999-10-13","BGR-MKD[MCD]_1999O"
"793","HUGGO","Central America Chile","1999-10-18","CNTRAC_1999O"
"794","HUGGO","Chile Central America","1999-10-18","CHLCNA_1999O"
"795","HUGGO","Chile Costa Rica (Central America) (English)","1999-10-18","CHL-CRI[NA]_1999O"
"796","HUGGO","East African Community (EAC)","1999-11-30","ESTAFC_1999O"
"913","AIGGO","Georgia Ukraine","1995-01-09","GEO-UKR[UKR]_1995O"
"914","AIGGO","Russian Federation Belarus Kazakhstan","1995-01-20","RSSFBK_1995O"
"915","AIGGO","EU Turkey","1995-03-06","EUE-TUR[NA]_1995O"
"916","AIGGO","Kyrgyz Republic Moldova","1995-05-16","KGZ-MDA[KYM]_1995O"
"917","AIGGO","Estonia Ukraine","1995-05-24","EST-UKR[UKR]_1995O"
"918","AIGGO","Kyrgyz Republic Ukraine","1995-05-26","KGZ-UKR[KYU]_1995O"
"919","AIGGO","Kyrgyzstan Moldova","1995-05-26","KGZ-MDA[MLD]_1995O"
"920","AIGGO","Kyrgyzstan Ukraine","1995-05-26","KGZ-UKR[UKR]_1995O"
"921","AIGGO","Armenia-Iran","1995-06-05","ARM-IRN[IRN]_1995O"
"922","AIGGO","EFTA Slovenia","1995-06-13","EFTSLV_1995O"
"923","AIGGO","Kyrgyz Republic Kazakhstan","1995-06-22","KAZ-KGZ[KYR]_1995O"
"924","AIGGO","Kazakhstan Kyrgyzstan","1995-06-22","KAZ-KGZ[NA]_1995O"
"925","AIGGO","EU Tunisia","1995-07-07","EUE-TUN[NA]_1995O"
"926","AIGGO","EC Tunisia","1995-07-07","ECTUNS_1995O"
"927","AIGGO","EFTA Estonia","1995-07-12","EFTEST_1995O"
"928","AIGGO","Ukraine Azerbaijan","1995-07-28","AZE-UKR[UKR]_1995O"
"929","AIGGO","Georgia Armenia","1995-08-14","ARM-GEO[NA]_1995O"
"930","AIGGO","Armenia Turkmenistan","1995-10-03","ARM-TKM[NA]_1995O"
"931","AIGGO","Israel Jordan","1995-10-25","ISR-JOR[NA]_1995O"
"932","AIGGO","United States Albania","1995-11-01","ALB-USA[NA]_1995O"
"933","AIGGO","EU Israel","1995-11-20","EUE-ISR[NA]_1995O"
"934","AIGGO","EC Israel","1995-11-20","ECISRL_1995O"
"935","AIGGO","Central European Free Trade Agreement (CEFTA) Accession Of Slovenia","1995-11-25","CEFTAS_1995A"
"936","AIGGO","CEFTA Accession Of Slovenia","1995-11-25","CFTACS_1995O"
"937","AIGGO","EFTA Estonia Free Trade Agreement","1995-12-07","EFTEFT_1995A"
"938","AIGGO","EFTA Latvia","1995-12-07","EFTLTV_1995O"
"939","AIGGO","EFTA Lithuania","1995-12-07","EFTLTH_1995O"
"940","AIGGO","Bulgaria Slovak Republic Free Trade Agreement","1995-12-08","BGR-SVK[SFT]_1995A"
"941","AIGGO","Czech Republic Bulgaria Free Trade Agreement","1995-12-15","BGR-CZE[FRT]_1995A"
"942","AIGGO","EC Turkey","1996-01-01","ECTRKY_1996O"
"943","AIGGO","Andean Community Trujillo Protocol","1996-01-01","ANDNCT_1996P"
"944","AIGGO","Azerbaijan Turkmenistan","1996-01-01","AZE-TKM[NA]_1996O"
"945","AIGGO","Azerbaijan Uzbekistan","1996-01-01","AZE-UZB[NA]_1996O"
"946","AIGGO","Baltic Free Trade Area (BAFTA) Agriculture","1996-01-01","BLFTAA_1996O"
"947","AIGGO","Bolivia MERCOSUR","1996-01-01","BLVMRC_1996O"
"948","AIGGO","Chile MERCOSUR","1996-01-01","CHLMRC_1996O"
"949","AIGGO","EC Morocco Euro-Med Association Agreement","1996-01-01","ECMEMA_1996A"
"950","AIGGO","Egypt Jordan","1996-01-01","EGY-JOR[NA]_1996O"
"951","AIGGO","Estonia Slovakia","1996-01-01","EST-SVK[NA]_1996O"
"952","AIGGO","Eurasian Economic Community (Union Of The 5)","1996-01-01","ERSNEC_1996O5"
"953","AIGGO","Fiji Papua New Guinea","1996-01-01","FJI-PNG[NA]_1996O"
"954","AIGGO","Israel Slovakia","1996-01-01","ISR-SVK[NA]_1996O"
"955","AIGGO","Latvia Slovakia","1996-01-01","LVA-SVK[NA]_1996O"
"956","AIGGO","Macedonia Serbia And Montenegro","1996-01-01","MKD-MNE[MCS]_1996O"
"957","AIGGO","Macedonia Slovenia","1996-01-01","MKD-SVN[MCD]_1996O"
"958","AIGGO","South Africa Zimbabwe","1996-01-01","ZAF-ZWE[NA]_1996O"
"959","AIGGO","Egypt Jordan","1996-01-01","EGY-JOR[NA]_1996O"
"960","AIGGO","EFTA Annex H1996","1996-01-01","EFTANH_1996P"
"961","AIGGO","Armenia Cyprus1996","1996-01-01","ARM-CYP[NA]_1996O"
"962","AIGGO","Slovenia The Former Yugoslav Republic Of Macedonian","1996-01-07","MKD-SVN[NA]_1996O"
"963","AIGGO","EU Morocco","1996-02-26","EUE-MAR[NA]_1996O"
"964","AIGGO","EC Morocco","1996-02-26","ECMRCC_1996O"
"965","AIGGO","Georgia Azerbaijan","1996-03-08","AZE-GEO[NA]_1996O"
"966","AIGGO","Turkey Israel","1996-03-14","ISR-TUR[NA]_1996O"
"967","AIGGO","Georgia Turkmenistan","1996-03-20","GEO-TKM[NA]_1996O"
"968","AIGGO","Eurasian Economic Community (EAEC)","1996-03-29","ERSNEC_1996O"
"969","AIGGO","Czech Republic Latvia","1996-04-15","CZE-LVA[NA]_1996O"
"970","AIGGO","Czech Republic Estonia","1996-04-19","CZE-EST[NA]_1996O"
"971","AIGGO","Slovak Republic Latvia","1996-04-19","LVA-SVK[SLV]_1996O"
"972","AIGGO","Slovenia Latvia","1996-04-22","LVA-SVN[NA]_1996O"
"973","AIGGO","Chile China","1996-05-12","CHL-CHN[NA]_1996O"
"974","AIGGO","Czech Republic Israel","1996-05-20","CZE-ISR[NA]_1996O"
"975","AIGGO","Slovak Republic Israel","1996-05-22","ISR-SVK[SLV]_1996O"
"976","AIGGO","Poland Lithuania","1996-05-27","LTU-POL[NA]_1996O"
"977","AIGGO","Slovak Republic Estonia","1996-05-28","EST-SVK[SLV]_1996O"
"978","AIGGO","EC Slovenia Europe Agreement","1996-06-10","ECSLVE_1996A"
"979","AIGGO","EC Faroe Islands","1996-06-12","ECFRIS_1996O"
"980","AIGGO","BAFTA Agricultural Goods","1996-06-16","BFTAGG_1996O"
"981","AIGGO","MERCOSUR Chile","1996-06-25","MRCSRC_1996O"
"982","AIGGO","Slovenia Former Yugoslav Republic Of Macedonia","1996-07-01","MKD-SVN[YGM]_1996O"
"983","AIGGO","Canada Israel","1996-07-31","CAN-ISR[NA]_1996O"
"984","AIGGO","Southern African Development Community (SADC)","1996-08-24","STHADC_1996O"
"985","AIGGO","SADC","1996-08-24","SADC_1996O"
"986","AIGGO","Andean Community (CAN)","1996-10-03","ANDNCM_1996O"
"987","AIGGO","Slovenia Lithuania","1996-10-04","LTU-SVN[NA]_1996O"
"988","AIGGO","Czech Republic Lithuania","1996-10-14","CZE-LTU[NA]_1996O"
"989","AIGGO","EC Slovenia Interim Agreement","1996-11-11","ECSLVI_1996A"
"990","AIGGO","Bulgaria Slovenia","1996-11-22","BGR-SVN[NA]_1996O"
"991","AIGGO","Slovenia Estonia","1996-11-26","EST-SVN[NA]_1996O"
"992","AIGGO","Slovak Republic Lithuania","1996-11-27","LTU-SVK[SLV]_1996O"
"993","AIGGO","Lithuania Slovakian","1996-11-27","LTU-SVK[NA]_1996O"
"994","AIGGO","Canada Chile","1996-12-05","CAN-CHL[NA]_1996O"
"995","AIGGO","EU Faroe Islands","1996-12-06","EUE-FRO[NA]_1996O"
"996","AIGGO","MERCOSUR Bolivia","1996-12-17","MRCSRB_1996O"
"997","AIGGO","Kyrgyz Republic Uzbekistan","1996-12-24","KGZ-UZB[KYR]_1996O"
"998","AIGGO","Kyrgyzstan Uzbekistann","1996-12-24","KGZ-UZB[NA]_1996O"
"999","AIGGO","Israel Slovak Republic","1997-01-01","ISR-SVK[SLV]_1997O"
"1000","AIGGO","Algeria Jordan","1997-01-01","JOR-ALG[NA]_1997O"
"1001","AIGGO","Andean Community Sucre Protocol","1997-01-01","ANDNCS_1997P"
"1002","AIGGO","Azerbaijan Kazakhstan","1997-01-01","AZE-KAZ[NA]_1997O"
"1003","AIGGO","Baltic Free Trade Area (BAFTA) Non Tariff Barriers","1997-01-01","BFTATB_1997O"
"1004","AIGGO","Caribbean Community (CARICOM) Protocol On Services","1997-01-01","CRBBCS_1997P"
"1005","AIGGO","Chad Morocco","1997-01-01","MAR-TCD[NA]_1997O"
"1006","AIGGO","Croatia Macedonia","1997-01-01","HRV-MKD[MCD]_1997O"
"1007","AIGGO","EC Amsterdam","1997-01-01","ECAMST_1997O"
"1008","AIGGO","EC Jordan Euro-Med Association Agreement","1997-01-01","ECJEMA_1997A"
"1009","AIGGO","Greater Arab Free Trade Agreement","1997-01-01","GRTAFT_1997A"
"1010","AIGGO","Israel Poland","1997-01-01","ISR-POL[NA]_1997O"
"1011","AIGGO","Kazakhstan Uzbekistan","1997-01-01","KAZ-UZB[NA]_1997O"
"1012","AIGGO","MERCOSUR Services","1997-01-01","MRCSRS_1997O"
"1013","AIGGO","Slovakia Turkey","1997-01-01","SVK-TUR[NA]_1997O"
"1014","AIGGO","Belarus Kazakhstan","1997-01-01","BLR-KAZ[NA]_1997O"
"1015","AIGGO","Bosnia And Herzegovina Macedonia","1997-01-01","BIH-MKD[MCD]_1997O"
"1016","AIGGO","Georgia Moldova","1997-01-01","GEO-MDA[MLD]_1997O"
"1017","AIGGO","Guinea Morocco","1997-01-01","GIN-MAR[NA]_1997O"
"1018","AIGGO","Croatia Macedonia (amended)","1997-01-01","HRV-MKD[MCD]_1997E"
"1019","AIGGO","Central European Free Trade Agreement (CEFTA) Romania Accession1997","1997-01-01","CEFTRA_1997A"
"1020","AIGGO","Pan-Arab Free Trade Area PAFTA1997","1997-01-01","PAFTAP_1997O"
"1021","AIGGO","Lithuania Slovenia","1997-01-03","LTU-SVN[NA]_1997O"
"1022","AIGGO","EC PLO (Palestine Liberation Organization)","1997-01-07","ECPPLO_1997O"
"1023","AIGGO","Hungary Turkey","1997-01-08","HUN-TUR[NA]_1997O"
"1024","AIGGO","Estonia Faroe Islands","1997-01-11","EST-FRO[NA]_1997O"
"1025","AIGGO","Pan-Arab Free Trade Area (PAFTA)","1997-02-19","PNAFTA_1997O"
"1026","AIGGO","Egypt Palestine","1997-02-19","EGY-PSE[PLS]_1997O"
"1027","AIGGO","EU Palestinian Authority","1997-02-24","EUE-PSE[EPA]_1997O"
"1028","AIGGO","Central European Free Trade Agreement (CEFTA) Accession Of Romania","1997-04-12","CEFTAR_1997A"
"1029","AIGGO","Poland Latvia","1997-04-28","LVA-POL[NA]_1997O"
"1030","AIGGO","Romania Turkey","1997-04-29","ROU-TUR[NA]_1997O"
"1031","AIGGO","EC FYROM","1997-04-29","ECFYRM_1997O"
"1032","AIGGO","Croatia Former Yugoslav Republic Of Macedonia","1997-05-09","HRV-MKD[YGM]_1997O"
"1033","AIGGO","Turkey Lithuania","1997-06-02","LTU-TUR[NA]_1997O"
"1034","AIGGO","Turkey Estonia","1997-06-03","EST-TUR[NA]_1997O"
"1035","AIGGO","EFTA Morocco","1997-06-19","EFTMRC_1997O"
"1036","AIGGO","Czech Republic Turkey","1997-10-03","CZE-TUR[NA]_1997O"
"1037","AIGGO","Hungary Israel","1997-10-14","HUN-ISR[NA]_1997O"
"1038","AIGGO","Slovak Republic Turkey","1997-10-20","SVK-TUR[SLV]_1997O"
"1039","AIGGO","Georgia Kazakhstan","1997-11-11","GEO-KAZ[NA]_1997O"
"1040","AIGGO","BAFTA Non Tarriff Barriers","1997-11-20","BFTTRB_1997O"
"1041","AIGGO","EU Jordan","1997-11-24","EUE-JOR[NA]_1997O"
"1042","AIGGO","EC Jordan","1997-11-24","ECJRDN_1997O"
"1043","AIGGO","Estonia Faeroe Islands","1997-11-30","EST-FRO[FRI]_1997O"
"1044","AIGGO","CEFTA Accession Of Romania","1997-12-04","CFTACR_1997O"
"1045","AIGGO","EU Mexico","1997-12-08","EUE-MEX[NA]_1997O"
"1046","AIGGO","Slovenia Croatia","1997-12-12","HRV-SVN[NA]_1997O"
"1047","AIGGO","Mexico Nicaragua","1997-12-18","MEX-NIC[NA]_1997O"
"1048","AIGGO","Belarus Tajikistan","1998-01-01","BLR-TJK[NA]_1998O"
"1049","AIGGO","Caribbean Community (CARICOM) Dominican Republic","1998-01-01","CRBCDR_1998O"
"1050","AIGGO","Chile Peru","1998-01-01","CHL-PER[NA]_1998O"
"1051","AIGGO","Egypt Jordan","1998-01-01","EGY-JOR[NA]_1998O"
"1052","AIGGO","Egypt Lebanon","1998-01-01","EGY-LBN[NA]_1998O"
"1053","AIGGO","Egypt Morocco","1998-01-01","EGY-MAR[NA]_1998O"
"1054","AIGGO","Egypt PLO","1998-01-01","EGYPTP_1998O"
"1055","AIGGO","Egypt Tunisia","1998-01-01","EGY-TUN[NA]_1998O"
"1056","AIGGO","Jordan Morocco","1998-01-01","JOR-MAR[NA]_1998O"
"1057","AIGGO","Kuwait Lebanon","1998-01-01","KWT-LBN[NA]_1998O"
"1058","AIGGO","Latvia Ukraine Agriculture","1998-01-01","LVA-UKR[UKA]_1998O"
"1059","AIGGO","Commonwealth Of Independent States (CIS) Common Agrarian Market (CAM)","1998-01-01","CISCAM_1998O"
"1060","AIGGO","Cook Islands Fiji","1998-01-01","COK-FJI[NA]_1998O"
"1061","AIGGO","Ecuador Peru","1998-01-01","ECU-PER[NA]_1998O"
"1062","AIGGO","Estonia Poland","1998-01-01","EST-POL[NA]_1998O"
"1063","AIGGO","Central European Free Trade Agreement (CEFTA) Bulgaria Accession1998","1998-01-01","CEFTBA_1998A"
"1064","AIGGO","Latin American Integration Association Cuba Accession1998","1998-01-01","LAIACA_1998O"
"1065","AIGGO","Hungary Israeln","1998-01-02","HUN-ISR[NA]_1998O"
"1066","AIGGO","Poland Israel","1998-01-07","ISR-POL[NA]_1998O"
"1067","AIGGO","Faroe Islands Poland","1998-03-11","FRO-POL[NA]_1998O"
"1068","AIGGO","Dominican Republic Central America","1998-04-16","DMNRCA_1998O"
"1069","AIGGO","MERCOSUR Andean Community","1998-04-16","MRCSAC_1998O"
"1070","AIGGO","Chile Mexico","1998-04-17","CHL-MEX[NA]_1998O"
"1071","AIGGO","Jordan Tunisia","1998-04-22","JOR-TUN[NA]_1998O"
"1072","AIGGO","Turkey Slovenia","1998-05-05","SVN-TUR[NA]_1998O"
"1073","AIGGO","Slovenia Israel","1998-05-13","ISR-SVN[NA]_1998O"
"1074","AIGGO","Turkey Latvia","1998-06-16","LVA-TUR[NA]_1998O"
"1075","AIGGO","Chile Peru","1998-06-20","CHL-PER[NA]_1998O"
"1076","AIGGO","Bulgaria Turkey","1998-07-11","BGR-TUR[NA]_1998O"
"1077","AIGGO","Central European Free Trade Agreement (CEFTA) Accession Of Bulgaria","1998-07-17","CEFTAB_1998A"
"1078","AIGGO","CARICOM Dominican Republic","1998-08-22","CRCMDR_1998O"
"1079","AIGGO","Egypt Jordan","1998-10-12","EGY-JOR[NA]_1998O"
"1080","AIGGO","Hungary Estonia","1998-11-01","EST-HUN[NA]_1998O"
"1081","AIGGO","Poland Faeroe Islands","1998-11-03","FRO-POL[FRI]_1998O"
"1082","AIGGO","Hungary Lithuania","1998-11-13","HUN-LTU[NA]_1998O"
"1083","AIGGO","EFTA Palestinian Authority","1998-11-30","EFTPLA_1998O"
"1084","AIGGO","EFTA PLO","1998-11-30","EFTAPL_1998O"
"1085","AIGGO","India Sri Lanka","1998-12-28","IND-LKA[NA]_1998O"
"1086","AIGGO","CEFTA Accession Of Bulgaria","1999-01-01","CFTACB_1999O"
"1087","AIGGO","Andean Countries Brazil","1999-01-01","ANDNCB_1999O"
"1088","AIGGO","Argentina Cuba","1999-01-01","ARG-CUB[NA]_1999O"
"1089","AIGGO","Belarus Kyrgyzstan","1999-01-01","BLR-KGZ[NA]_1999O"
"1090","AIGGO","Belarus Russia (Union State)","1999-01-01","BLR-RUS[RSS]_1999O"
"1091","AIGGO","Brazil Cuba","1999-01-01","BRA-CUB[NA]_1999O"
"1092","AIGGO","Central America Chile","1999-01-01","CNTRAC_1999O"
"1093","AIGGO","Cuba Guatemala","1999-01-01","CUB-GTM[NA]_1999O"
"1094","AIGGO","Cuba Uruguay","1999-01-01","CUB-URY[NA]_1999O"
"1095","AIGGO","Cuba Venezuela","1999-01-01","CUB-VEN[VNZ]_1999O"
"1096","AIGGO","Eurasian Economic Community (EAEC)","1999-01-01","ERSNEC_1999O"
"1097","AIGGO","Macedonia Turkey","1999-01-01","MKD-TUR[MCD]_1999O"
"1098","AIGGO","Morocco Tunisia","1999-01-01","MAR-TUN[NA]_1999O"
"1099","AIGGO","Andean Community Auto Agreement","1999-01-01","ANDNCA_1999A"
"1100","AIGGO","Chile Cuba","1999-01-01","CHL-CUB[NA]_1999O"
"1101","AIGGO","Egypt Saudi Arabia","1999-01-01","EGY-SAU[SDA]_1999O"
"1102","AIGGO","EC Switzerland Bilaterals 1","1999-01-01","ECSWTB_1999O1"
"1103","AIGGO","Guatemala Mexico1999","1999-01-01","GTM-MEX[NA]_1999O"
"1104","AIGGO","EC Switzerland Bilaterals I1999","1999-01-01","ECSWBI_1999O"
"1105","AIGGO","Latvia Poland","1999-01-06","LVA-POL[NA]_1999O"
"1106","AIGGO","Hungary Latvia","1999-06-10","HUN-LVA[NA]_1999O"
"1107","AIGGO","FYROM Turkey","1999-07-09","MKD-TUR[FYR]_1999O"
"1108","AIGGO","Armenia Kazakhstan","1999-09-02","ARM-KAZ[NA]_1999O"
"1109","AIGGO","Turkey Former Yugoslav Republic Of Macedonia","1999-09-07","MKD-TUR[YGM]_1999O"
"1110","AIGGO","Turkey Poland","1999-10-04","POL-TUR[NA]_1999O"
"1111","AIGGO","EU South Africa","1999-10-11","EUE-ZAF[NA]_1999O"
"1112","AIGGO","Bulgaria Former Yugoslav Republic Of Macedonia","1999-10-13","BGR-MKD[YGM]_1999O"
"1113","AIGGO","Bulgaria Macedonia","1999-10-13","BGR-MKD[MCD]_1999O"
"1114","AIGGO","Chile Central America","1999-10-18","CHLCNA_1999O"
"1115","AIGGO","Chile Costa Rica (Central America) (English)","1999-10-18","CHL-CRI[NA]_1999O"
"1116","AIGGO","EC South Africa","1999-11-10","ECSTHA_1999O"
"1117","AIGGO","East African Community (EAC)","1999-11-30","ESTAFC_1999O"
